id,produto,descricao
1,fone de ouvido DEF,"O fone de ouvido DEF é um dispositivo de áudio projetado para fornecer uma experiência de som imersiva e de alta qualidade. Com drivers de alta fidelidade e tecnologia de cancelamento de ruído, ele permite que você se perca na música ou nos detalhes de um podcast sem distrações. Além disso, seu design ergonômico garante confort durante o uso prolongado."
2,tablet DEF,"O tablet DEF é um dispositivo portátil e versátil, projetado para atender às necessidades de entretenimento e produtividade. Com uma tela de alta resolução e processamento rápido, ele permite uma experiência de navegação suave e a execução de aplicativos de forma eficiente. Além disso, sua bateria de longa duração garante horas de uso contínuo."
3,celular DEF,"O celular DEF é um dispositivo móvel compacto e leve, projetado para atender às necessidades diárias de comunicação e entretenimento. Com uma tela de alta resolução e processamento rápido, oferece uma experiência de usuário suave e responsiva. Além disso, possui uma bateria de longa duração e uma variedade de recursos de câmera para capturar momentos especiais."
4,notebook DEF,"O notebook DEF é uma opção compacta e leve para quem precisa de um dispositivo portátil para trabalhar ou estudar. Com seu design elegante e tela de alta resolução, oferece uma experiência de usuário agradável. Além disso, é equipado com recursos de segurança avançados para proteger seus dados."
5,tablet STU,"O tablet STU é um dispositivo de captura de assinaturas eletrônicas projetado para uso em ambientes de negócios, permitindo que os clientes assinem documentos digitalmente de forma segura e eficiente. Com uma tela sensível ao toque, o STU permite que as assinaturas sejam coletadas com precisão e armazenadas eletronicamente, reduzindo a necessidade de papel e aumentando a produtividade."
6,celular STU,"O celular STU é um dispositivo compacto e leve, projetado para atender às necessidades básicas de comunicação. Com uma interface intuitiva e fácil de usar, ele permite que você faça e receba chamadas, envie mensagens de texto e acesse aplicativos essenciais. Além disso, o celular STU é uma opção acessível para quem busca um aparelho simples e prático."
7,notebook STU,"O notebook STU é uma opção acessível e prática para quem precisa de um dispositivo portátil para tarefas básicas. Com seu design compacto e leve, é ideal para estudantes e profissionais que precisam trabalhar em diferentes locais. Além disso, oferece recursos suficientes para navegar na internet, criar documentos e realizar tarefas diárias com eficiência."
8,fone de ouvido STU,"O fone de ouvido STU é um dispositivo de áudio projetado para fornecer uma experiência de som imersiva e de alta qualidade. Com tecnologia avançada, ele oferece uma resposta de frequência precisa e um som claro e detalhado. Além disso, o fone de ouvido STU é projetado para ser confortável e leve, permitindo que você se perca na música ou no trabalho por horas a fio."
9,fone de ouvido BCD,"O fone de ouvido BCD é um dispositivo de áudio de alta qualidade projetado para fornecer uma experiência de som imersiva. Com drivers de 40mm e tecnologia de cancelamento de ruído, ele bloqueia ruídos externos e permite que você se concentre no que realmente importa. Além disso, o fone é leve e confortável, tornando-o ideal para uso prolongado."
10,tablet BCD,"O tablet BCD é um dispositivo portátil e versátil que combina as funcionalidades de um computador com a mobilidade de um tablet. Com uma tela sensível ao toque, processamento rápido e armazenamento adequado, é ideal para navegar na internet, trabalhar, estudar ou entreter-se em qualquer lugar. Além disso, o tablet BCD oferece recursos de segurança avançados, como criptografia de dados e autenticação biométrica, para proteger suas informações pessoais."
11,celular BCD,"O celular BCD é um dispositivo inovador que combina tecnologia de ponta com design elegante. Com sua tela de alta resolução e processador potente, oferece uma experiência de usuário excepcional. Além disso, conta com recursos avançados de câmera e bateria de longa duração, tornando-o uma escolha ideal para quem busca um smartphone de alta qualidade."
12,notebook BCD,"O notebook BCD é uma opção acessível e prática para quem precisa de um dispositivo portátil para tarefas básicas. Com seu design compacto e leve, é ideal para estudantes, profissionais e qualquer um que precise de um computador para trabalhar ou se divertir em qualquer lugar. Além disso, o notebook BCD oferece uma boa relação custo-benefício, tornando-o uma escolha econômica para quem não precisa de recursos avançados."
13,fone de ouvido PQR,"O fone de ouvido PQR oferece uma experiência de som imersiva com sua tecnologia de áudio avançada. Com design leve e ergonômico, proporciona confort durante o uso prolongado. Além disso, possui recursos de cancelamento de ruído e conectividade sem fio para uma experiência de ouvir música sem distrações."
14,tablet PQR,"O tablet PQR é um dispositivo portátil e versátil, projetado para atender às necessidades de entretenimento, produtividade e conectividade. Com sua tela de alta resolução e processamento rápido, oferece uma experiência de usuário imersiva e eficiente. Além disso, sua bateria de longa duração e design leve o tornam ideal para uso em qualquer lugar."
15,celular PQR,"O celular PQR é um dispositivo móvel de alta qualidade, projetado para atender às necessidades de conectividade e entretenimento dos usuários. Com sua tela de alta resolução e processador potente, oferece uma experiência de navegação e uso de aplicativos rápida e fluida. Além disso, sua bateria de longa duração e câmera de alta qualidade tornam-no uma escolha ideal para quem busca um smartphone confiável e versátil."
16,notebook PQR,"O notebook PQR é uma opção poderosa e portátil para quem precisa de desempenho em qualquer lugar. Com seu processador avançado e memória robusta, ele é ideal para tarefas intensivas, como edição de vídeo e jogos. Além disso, sua bateria de longa duração e design leve facilitam o uso em viagens ou em ambientes de trabalho móvel."
17,fone de ouvido MNO,"O fone de ouvido MNO é um dispositivo de áudio projetado para fornecer uma experiência de som imersiva e de alta qualidade. Com tecnologia de cancelamento de ruído, ele ajuda a bloquear sons externos, permitindo que você se concentre no que está ouvindo. Além disso, o fone de ouvido MNO é leve e confortável, tornando-o ideal para uso prolongado."
18,tablet MNO,"O tablet MNO é um dispositivo portátil e versátil, projetado para oferecer uma experiência de entretenimento e produtividade sem precedentes. Com sua tela de alta resolução e processamento rápido, é ideal para assistir a vídeos, jogar, trabalhar e se conectar com o mundo. Além disso, sua bateria de longa duração garante horas de uso ininterrupto."
19,celular MNO,"O celular MNO é um dispositivo móvel de alta qualidade, projetado para atender às necessidades de conectividade e entretenimento dos usuários. Com sua tela de alta resolução e processador potente, oferece uma experiência de navegação e execução de aplicativos rápida e suave. Além disso, sua bateria de longa duração e câmera de alta qualidade tornam-no um companheiro ideal para o dia a dia."
20,notebook MNO,"O notebook MNO é uma opção poderosa e portátil para quem precisa de desempenho em qualquer lugar. Com seu processador avançado e memória robusta, ele é ideal para tarefas intensivas, como edição de vídeo e programação. Além disso, sua bateria de longa duração garante que você possa trabalhar ou se divertir por horas sem precisar recarregar."
21,fone de ouvido MNO,"O fone de ouvido MNO é um dispositivo de áudio de alta qualidade, projetado para fornecer uma experiência de som imersiva e confortável. Com drivers de 40mm e tecnologia de cancelamento de ruído, ele permite que você se perca na música ou nos detalhes de um podcast. Além disso, seu design leve e ergonômico garante que você possa usá-lo por horas a fio sem sentir desconforto."
22,tablet MNO,"O tablet MNO é um dispositivo portátil e versátil, projetado para oferecer uma experiência de entretenimento e produtividade sem precedentes. Com sua tela de alta resolução e processamento rápido, é ideal para assistir a vídeos, jogar, trabalhar e se conectar com o mundo. Além disso, sua bateria de longa duração garante que você possa aproveitar ao máximo seu tablet, onde quer que esteja."
23,celular MNO,"O celular MNO é um dispositivo móvel inovador que combina design elegante com tecnologia de ponta. Com sua tela de alta resolução e processador potente, oferece uma experiência de uso suave e rápida. Além disso, possui uma bateria de longa duração e uma câmera de alta qualidade para capturar momentos especiais."
24,notebook MNO,"O notebook MNO é uma opção poderosa e portátil para quem precisa de desempenho em qualquer lugar. Com seu processador avançado e memória robusta, ele é ideal para tarefas intensivas, como edição de vídeo e jogos. Além disso, sua bateria de longa duração garante que você possa trabalhar ou se divertir por horas sem precisar recarregar."
